ClienteID;Cliente;Pais;AnoVenda;TrimestreVenda;CupomID
1;Eintrach GS;Germany;2015;1;10338
1;Eintrach GS;Germany;2015;4;10526
1;Eintrach GS;Germany;2016;3;10692
1;Eintrach GS;Germany;2016;3;10750
1;Eintrach GS;Germany;2016;3;10757
1;Eintrach GS;Germany;2016;4;10289
1;Eintrach GS;Germany;2016;4;10510
1;Eintrach GS;Germany;2016;4;10621
1;Eintrach GS;Germany;2016;4;10627
1;Eintrach GS;Germany;2017;1;10251
1;Eintrach GS;Germany;2017;1;10349
1;Eintrach GS;Germany;2017;1;10585
1;Eintrach GS;Germany;2017;1;10643
1;Eintrach GS;Germany;2017;1;10702
1;Eintrach GS;Germany;2017;1;10711
1;Eintrach GS;Germany;2017;1;10732
1;Eintrach GS;Germany;2017;1;10743
1;Eintrach GS;Germany;2017;1;10748
1;Eintrach GS;Germany;2017;1;10764
1;Eintrach GS;Germany;2017;2;10835
1;Eintrach GS;Germany;2017;2;10852
1;Eintrach GS;Germany;2017;2;10952
1;Eintrach GS;Germany;2017;3;10812
1;Eintrach GS;Germany;2017;3;10905
1;Eintrach GS;Germany;2017;3;10909
1;Eintrach GS;Germany;2017;3;10990
1;Eintrach GS;Germany;2017;3;11005
1;Eintrach GS;Germany;2017;3;11051
1;Eintrach GS;Germany;2017;3;11064
1;Eintrach GS;Germany;2017;4;10277
1;Eintrach GS;Germany;2017;4;10290
1;Eintrach GS;Germany;2018;1;10463
1;Eintrach GS;Germany;2018;1;10813
1;Eintrach GS;Germany;2018;1;10994
1;Eintrach GS;Germany;2018;1;11011
2;La Tienda de la Esquina;Mexico;2016;4;10308
2;La Tienda de la Esquina;Mexico;2017;1;10625
2;La Tienda de la Esquina;Mexico;2017;1;10759
2;La Tienda de la Esquina;Mexico;2017;4;10926
3;La Ropa Vieja;Mexico;2015;1;10365
3;La Ropa Vieja;Mexico;2016;1;10535
3;La Ropa Vieja;Mexico;2016;3;10573
3;La Ropa Vieja;Mexico;2016;4;10677
3;La Ropa Vieja;Mexico;2016;4;10682
3;La Ropa Vieja;Mexico;2017;2;10856
3;La Ropa Vieja;Mexico;2018;1;10507
4;Dr Jims Trousers;UK;2017;1;10741
4;Dr Jims Trousers;UK;2017;2;10953
4;Dr Jims Trousers;UK;2017;4;10248
4;Dr Jims Trousers;UK;2017;4;10864
5;Urras Shop;Sweden;2014;4;10278
5;Urras Shop;Sweden;2015;1;10280
5;Urras Shop;Sweden;2015;2;10384
5;Urras Shop;Sweden;2015;2;10524
5;Urras Shop;Sweden;2015;3;10444
5;Urras Shop;Sweden;2016;2;10445
5;Urras Shop;Sweden;2016;2;10733
5;Urras Shop;Sweden;2016;3;10572
5;Urras Shop;Sweden;2016;3;10654
5;Urras Shop;Sweden;2016;3;10689
5;Urras Shop;Sweden;2016;4;10626
5;Urras Shop;Sweden;2016;4;10672
5;Urras Shop;Sweden;2017;1;10778
5;Urras Shop;Sweden;2017;2;10837
5;Urras Shop;Sweden;2017;2;10924
5;Urras Shop;Sweden;2017;3;10866
5;Urras Shop;Sweden;2017;3;10875
5;Urras Shop;Sweden;2017;4;10857
6;Man Kleider;Germany;2016;3;10509
6;Man Kleider;Germany;2017;1;10501
6;Man Kleider;Germany;2017;2;10853
6;Man Kleider;Germany;2017;3;10956
6;Man Kleider;Germany;2017;3;11058
7;Menàge à Trois;France;2015;2;10449
7;Menàge à Trois;France;2015;2;10559
7;Menàge à Trois;France;2016;1;10566
7;Menàge à Trois;France;2016;2;10436
7;Menàge à Trois;France;2016;3;10628
7;Menàge à Trois;France;2016;4;10265
7;Menàge à Trois;France;2016;4;10584
7;Menàge à Trois;France;2016;4;10679
7;Menàge à Trois;France;2017;2;10360
7;Menàge à Trois;France;2017;3;10297
7;Menàge à Trois;France;2018;1;10826
8;Las Corbatas;Spain;2017;1;10326
8;Las Corbatas;Spain;2017;2;10970
8;Las Corbatas;Spain;2018;2;10801
9;La Legion Mercenaire;France;2017;1;10331
9;La Legion Mercenaire;France;2017;1;10715
9;La Legion Mercenaire;France;2017;3;11076
9;La Legion Mercenaire;France;2017;4;10876
10;Big Foot Shoes;Canada;2015;2;10410
10;Big Foot Shoes;Canada;2017;3;11027
10;Big Foot Shoes;Canada;2017;3;11045
10;Big Foot Shoes;Canada;2017;3;11048
10;Big Foot Shoes;Canada;2018;1;10411
10;Big Foot Shoes;Canada;2018;1;10949
11;Shoe Expert;UK;2015;2;10471
11;Shoe Expert;UK;2016;4;10599
11;Shoe Expert;UK;2017;1;10578
11;Shoe Expert;UK;2017;4;10947
12;Los Pantalones Magicos;Argentina;2015;3;10521
12;Los Pantalones Magicos;Argentina;2016;3;10782
12;Los Pantalones Magicos;Argentina;2017;3;10819
12;Los Pantalones Magicos;Argentina;2017;3;10937
12;Los Pantalones Magicos;Argentina;2017;3;11054
12;Los Pantalones Magicos;Argentina;2017;4;10881
13;Los Sombreros Gigantes;Mexico;2015;4;10259
14;Das Alpen Shoe;Switzerland;2017;1;11083
15;Tendha do Flamengo;Brazil;2015;2;10466
15;Tendha do Flamengo;Brazil;2015;3;10494
15;Tendha do Flamengo;Brazil;2017;4;10969
16;The sharped dressed man;UK;2015;2;10435
16;The sharped dressed man;UK;2015;3;10462
16;The sharped dressed man;UK;2018;1;10848
17;Gluderstedt;Germany;2016;1;10391
17;Gluderstedt;Germany;2016;3;10547
17;Gluderstedt;Germany;2016;3;10706
17;Gluderstedt;Germany;2016;4;10264
17;Gluderstedt;Germany;2016;4;10603
17;Gluderstedt;Germany;2017;1;10735
17;Gluderstedt;Germany;2017;1;10776
17;Gluderstedt;Germany;2017;1;10793
17;Gluderstedt;Germany;2017;2;10363
17;Gluderstedt;Germany;2017;2;10824
17;Gluderstedt;Germany;2017;3;10827
17;Gluderstedt;Germany;2017;3;10916
17;Gluderstedt;Germany;2017;3;11008
17;Gluderstedt;Germany;2017;3;11036
17;Gluderstedt;Germany;2017;3;11067
17;Gluderstedt;Germany;2017;4;10258
17;Gluderstedt;Germany;2017;4;10538
17;Gluderstedt;Germany;2017;4;10825
17;Gluderstedt;Germany;2017;4;10894
17;Gluderstedt;Germany;2018;1;10797
18;Aujourd´hui;France;2016;3;10609
18;Aujourd´hui;France;2016;4;10683
18;Aujourd´hui;France;2017;3;10890
18;Aujourd´hui;France;2017;4;10311
19;Th Fashing;UK;2015;1;10327
19;Th Fashing;UK;2015;1;10364
19;Th Fashing;UK;2015;1;10382
19;Th Fashing;UK;2015;3;10400
19;Th Fashing;UK;2015;3;10460
19;Th Fashing;UK;2015;3;10465
19;Th Fashing;UK;2015;3;10553
19;Th Fashing;UK;2016;1;10475
19;Th Fashing;UK;2016;1;10563
19;Th Fashing;UK;2016;2;10254
19;Th Fashing;UK;2016;2;10389
19;Th Fashing;UK;2016;3;10324
19;Th Fashing;UK;2016;3;10523
19;Th Fashing;UK;2016;3;10612
19;Th Fashing;UK;2016;3;10673
19;Th Fashing;UK;2016;4;10256
19;Th Fashing;UK;2016;4;10614
19;Th Fashing;UK;2016;4;10660
19;Th Fashing;UK;2017;1;10624
19;Th Fashing;UK;2017;1;10713
19;Th Fashing;UK;2017;1;10726
19;Th Fashing;UK;2017;1;10737
19;Th Fashing;UK;2017;1;10739
19;Th Fashing;UK;2017;1;10761
19;Th Fashing;UK;2017;1;10769
19;Th Fashing;UK;2017;1;10794
19;Th Fashing;UK;2017;2;10804
19;Th Fashing;UK;2017;2;10933
19;Th Fashing;UK;2017;2;10955
19;Th Fashing;UK;2017;2;11056
19;Th Fashing;UK;2017;3;10294
19;Th Fashing;UK;2017;3;10895
19;Th Fashing;UK;2017;3;11015
19;Th Fashing;UK;2017;3;11024
19;Th Fashing;UK;2017;3;11043
19;Th Fashing;UK;2017;3;11059
19;Th Fashing;UK;2017;4;10532
19;Th Fashing;UK;2017;4;10884
19;Th Fashing;UK;2017;4;10987
19;Th Fashing;UK;2018;1;10980
19;Th Fashing;UK;2018;1;10983
19;Th Fashing;UK;2018;1;11047
19;Th Fashing;UK;2018;2;10808
20;Ski Store;Austria;2015;3;10402
20;Ski Store;Austria;2016;1;10403
20;Ski Store;Austria;2016;3;10571
20;Ski Store;Austria;2016;4;10667
20;Ski Store;Austria;2017;1;10771
20;Ski Store;Austria;2017;2;10854
21;Cloe do Pau;Brazil;2015;1;10347
21;Cloe do Pau;Brazil;2015;2;10414
21;Cloe do Pau;Brazil;2016;3;10581
21;Cloe do Pau;Brazil;2017;1;10512
21;Cloe do Pau;Brazil;2017;1;10650
21;Cloe do Pau;Brazil;2017;1;10725
21;Cloe do Pau;Brazil;2017;3;10386
22;La Camisas Cansadas;Spain;2017;2;11078
22;La Camisas Cansadas;Spain;2017;3;11082
23;Champes;France;2015;1;10375
23;Champes;France;2015;2;10432
23;Champes;France;2015;2;10472
23;Champes;France;2015;2;10480
23;Champes;France;2015;2;10482
23;Champes;France;2015;3;10454
23;Champes;France;2015;3;10555
23;Champes;France;2016;1;10316
23;Champes;France;2016;1;10408
23;Champes;France;2016;1;10434
23;Champes;France;2016;1;10558
23;Champes;France;2016;3;10633
23;Champes;France;2016;3;10700
23;Champes;France;2016;3;10763
23;Champes;France;2016;3;10789
23;Champes;France;2016;4;10634
23;Champes;France;2016;4;10655
23;Champes;France;2017;1;10604
23;Champes;France;2017;1;10663
23;Champes;France;2017;2;10966
23;Champes;France;2017;3;10805
23;Champes;France;2017;3;11030
23;Champes;France;2017;3;11038
23;Champes;France;2017;3;11046
23;Champes;France;2018;1;10975
23;Champes;France;2018;1;11050
24; Fritid AB;Sweden;2015;4;10533
24; Fritid AB;Sweden;2016;3;10774
24; Fritid AB;Sweden;2017;1;10378
24; Fritid AB;Sweden;2017;1;10703
24; Fritid AB;Sweden;2017;2;10880
24; Fritid AB;Sweden;2017;2;10902
24; Fritid AB;Sweden;2018;1;11001
25;Halle Köln;Germany;2014;3;10337
25;Halle Köln;Germany;2015;3;10488
25;Halle Köln;Germany;2016;1;10560
25;Halle Köln;Germany;2016;3;10653
25;Halle Köln;Germany;2016;3;10675
25;Halle Köln;Germany;2016;4;10623
25;Halle Köln;Germany;2016;4;10670
25;Halle Köln;Germany;2017;1;10717
25;Halle Köln;Germany;2017;1;10791
25;Halle Köln;Germany;2017;2;10267
25;Halle Köln;Germany;2017;2;10859
25;Halle Köln;Germany;2017;3;10929
25;Halle Köln;Germany;2017;3;11012
25;Halle Köln;Germany;2017;4;10396
25;Halle Köln;Germany;2018;1;10342
26;Le Sais de Rión;France;2016;3;10671
26;Le Sais de Rión;France;2017;2;10860
26;Le Sais de Rión;France;2017;4;10971
27;Il Pantaloni di la Cammorra;Italy;2015;2;10422
27;Il Pantaloni di la Cammorra;Italy;2017;1;10710
27;Il Pantaloni di la Cammorra;Italy;2017;1;10753
27;Il Pantaloni di la Cammorra;Italy;2017;3;11026
27;Il Pantaloni di la Cammorra;Italy;2017;3;11060
27;Il Pantaloni di la Cammorra;Italy;2017;4;10807
28;El Traige do Benfica;Portugal;2015;3;10491
28;El Traige do Benfica;Portugal;2015;3;10551
28;El Traige do Benfica;Portugal;2016;3;10328
28;El Traige do Benfica;Portugal;2017;2;10963
28;El Traige do Benfica;Portugal;2018;1;10352
29;El Chandal del Barca;Spain;2015;1;10366
29;El Chandal del Barca;Spain;2016;1;10568
29;El Chandal del Barca;Spain;2017;2;10426
29;El Chandal del Barca;Spain;2017;2;10928
29;El Chandal del Barca;Spain;2017;4;10887
30;Los Trajes de Matador;Spain;2016;4;10629
30;Los Trajes de Matador;Spain;2017;1;10550
30;Los Trajes de Matador;Spain;2017;2;10888
30;Los Trajes de Matador;Spain;2017;2;10948
30;Los Trajes de Matador;Spain;2017;3;10303
30;Los Trajes de Matador;Spain;2017;3;10911
30;Los Trajes de Matador;Spain;2017;3;11009
30;Los Trajes de Matador;Spain;2017;3;11037
30;Los Trajes de Matador;Spain;2018;1;10872
31;Paintho da Gama;Brazil;2015;3;10423
31;Paintho da Gama;Brazil;2017;1;10685
31;Paintho da Gama;Brazil;2017;1;10709
31;Paintho da Gama;Brazil;2017;1;10734
31;Paintho da Gama;Brazil;2017;1;10777
31;Paintho da Gama;Brazil;2017;1;10790
31;Paintho da Gama;Brazil;2017;2;10652
31;Paintho da Gama;Brazil;2017;2;10959
31;Paintho da Gama;Brazil;2017;4;11049
32;The Corner Store;USA;2015;1;10377
32;The Corner Store;USA;2015;2;10431
32;The Corner Store;USA;2015;2;10441
32;The Corner Store;USA;2015;3;10302
32;The Corner Store;USA;2015;3;10310
32;The Corner Store;USA;2015;3;10370
32;The Corner Store;USA;2015;3;10390
32;The Corner Store;USA;2015;3;10528
32;The Corner Store;USA;2016;1;10416
32;The Corner Store;USA;2016;1;10447
32;The Corner Store;USA;2016;1;10562
32;The Corner Store;USA;2016;2;10758
32;The Corner Store;USA;2016;3;10340
32;The Corner Store;USA;2016;3;10607
32;The Corner Store;USA;2016;3;10681
32;The Corner Store;USA;2016;3;10720
32;The Corner Store;USA;2016;3;10756
32;The Corner Store;USA;2016;4;10589
32;The Corner Store;USA;2016;4;10598
32;The Corner Store;USA;2016;4;10616
32;The Corner Store;USA;2016;4;10617
32;The Corner Store;USA;2016;4;10644
32;The Corner Store;USA;2016;4;10657
32;The Corner Store;USA;2017;1;10656
32;The Corner Store;USA;2017;1;10714
32;The Corner Store;USA;2017;1;10749
32;The Corner Store;USA;2017;2;10936
32;The Corner Store;USA;2017;3;10855
32;The Corner Store;USA;2017;3;10873
32;The Corner Store;USA;2017;3;10968
32;The Corner Store;USA;2017;3;10979
32;The Corner Store;USA;2017;3;10988
32;The Corner Store;USA;2017;3;11006
32;The Corner Store;USA;2017;3;11040
32;The Corner Store;USA;2017;3;11061
32;The Corner Store;USA;2017;3;11072
32;The Corner Store;USA;2017;4;10513
32;The Corner Store;USA;2017;4;10816
32;The Corner Store;USA;2017;4;10831
32;The Corner Store;USA;2017;4;10869
32;The Corner Store;USA;2017;4;10941
32;The Corner Store;USA;2017;4;10945
33;El Abrigo Mortal;Venezuela;2014;4;10268
33;El Abrigo Mortal;Venezuela;2017;1;10785
33;El Abrigo Mortal;Venezuela;2017;3;10984
34;El Carnevale;Brazil;2015;4;10541
34;El Carnevale;Brazil;2016;3;10783
34;El Carnevale;Brazil;2016;4;10645
34;El Carnevale;Brazil;2017;1;10690
34;El Carnevale;Brazil;2017;1;10770
34;El Carnevale;Brazil;2017;2;10925
34;El Carnevale;Brazil;2017;3;10886
34;El Carnevale;Brazil;2017;3;11052
34;El Carnevale;Brazil;2017;4;10250
34;El Carnevale;Brazil;2017;4;10253
34;El Carnevale;Brazil;2017;4;10903
34;El Carnevale;Brazil;2017;4;10922
34;El Carnevale;Brazil;2018;1;10981
34;El Carnevale;Brazil;2018;1;11022
35;El Zapato Rojo;Venezuela;2015;2;10476
35;El Zapato Rojo;Venezuela;2015;3;10498
35;El Zapato Rojo;Venezuela;2016;1;10486
35;El Zapato Rojo;Venezuela;2016;1;10552
35;El Zapato Rojo;Venezuela;2016;2;10395
35;El Zapato Rojo;Venezuela;2016;3;10705
35;El Zapato Rojo;Venezuela;2016;4;10257
35;El Zapato Rojo;Venezuela;2016;4;10601
35;El Zapato Rojo;Venezuela;2016;4;10613
35;El Zapato Rojo;Venezuela;2016;4;10641
35;El Zapato Rojo;Venezuela;2017;2;10976
35;El Zapato Rojo;Venezuela;2017;3;10490
35;El Zapato Rojo;Venezuela;2017;3;10796
35;El Zapato Rojo;Venezuela;2017;3;10957
35;El Zapato Rojo;Venezuela;2017;3;11055
35;El Zapato Rojo;Venezuela;2017;4;10863
35;El Zapato Rojo;Venezuela;2017;4;10901
35;El Zapato Rojo;Venezuela;2017;4;10960
36;Pulp Toxedos;USA;2016;1;10394
37;Boleros;Ireland;2014;4;10298
37;Boleros;Ireland;2015;1;10271
37;Boleros;Ireland;2015;1;10350
37;Boleros;Ireland;2015;2;10415
37;Boleros;Ireland;2015;2;10440
37;Boleros;Ireland;2015;2;10442
37;Boleros;Ireland;2015;2;10470
37;Boleros;Ireland;2015;3;10429
37;Boleros;Ireland;2015;3;10503
37;Boleros;Ireland;2015;3;10567
37;Boleros;Ireland;2015;4;10388
37;Boleros;Ireland;2015;4;10516
37;Boleros;Ireland;2016;1;10517
37;Boleros;Ireland;2016;1;10519
37;Boleros;Ireland;2016;2;10309
37;Boleros;Ireland;2016;2;10678
37;Boleros;Ireland;2016;3;10312
37;Boleros;Ireland;2016;3;10335
37;Boleros;Ireland;2016;3;10695
37;Boleros;Ireland;2016;3;10722
37;Boleros;Ireland;2016;3;10742
37;Boleros;Ireland;2016;3;10751
37;Boleros;Ireland;2016;4;10301
37;Boleros;Ireland;2016;4;10520
37;Boleros;Ireland;2016;4;10651
37;Boleros;Ireland;2016;4;10661
37;Boleros;Ireland;2017;1;10346
37;Boleros;Ireland;2017;1;10646
37;Boleros;Ireland;2017;1;10687
37;Boleros;Ireland;2017;1;10701
37;Boleros;Ireland;2017;1;10712
37;Boleros;Ireland;2017;1;10736
37;Boleros;Ireland;2017;2;10420
37;Boleros;Ireland;2017;2;10815
37;Boleros;Ireland;2017;2;11002
37;Boleros;Ireland;2017;3;10355
37;Boleros;Ireland;2017;3;10458
37;Boleros;Ireland;2017;3;10985
37;Boleros;Ireland;2017;3;11000
37;Boleros;Ireland;2017;3;11003
37;Boleros;Ireland;2017;3;11034
37;Boleros;Ireland;2017;3;11063
37;Boleros;Ireland;2017;4;10897
37;Boleros;Ireland;2017;4;10912
37;Boleros;Ireland;2017;4;10946
37;Boleros;Ireland;2018;1;10373
37;Boleros;Ireland;2018;1;10380
37;Boleros;Ireland;2018;2;10800
38;King Size Clothes;UK;2015;2;10473
38;King Size Clothes;UK;2016;3;10315
38;King Size Clothes;UK;2017;2;10829
38;King Size Clothes;UK;2017;3;10321
38;King Size Clothes;UK;2017;3;10798
39;Noch Einmal GMBH;Germany;2015;1;10323
39;Noch Einmal GMBH;Germany;2015;3;10325
39;Noch Einmal GMBH;Germany;2015;3;10456
39;Noch Einmal GMBH;Germany;2015;3;10457
39;Noch Einmal GMBH;Germany;2015;3;10506
39;Noch Einmal GMBH;Germany;2015;4;10468
39;Noch Einmal GMBH;Germany;2015;4;10542
39;Noch Einmal GMBH;Germany;2016;3;10718
39;Noch Einmal GMBH;Germany;2016;4;10630
39;Noch Einmal GMBH;Germany;2017;2;10849
39;Noch Einmal GMBH;Germany;2017;2;10893
39;Noch Einmal GMBH;Germany;2017;3;10799
39;Noch Einmal GMBH;Germany;2017;4;10817
39;Noch Einmal GMBH;Germany;2018;1;11028
40;La Boheme;France;2017;2;10858
40;La Boheme;France;2017;2;10972
40;La Boheme;France;2017;2;10973
40;La Boheme;France;2017;4;10927
41; Design;France;2015;1;10371
41; Design;France;2016;1;10413
41; Design;France;2016;1;10425
41; Design;France;2016;3;10500
41; Design;France;2016;4;10610
41; Design;France;2017;2;10832
41; Design;France;2017;4;10923
42;Millenium;Canada;2015;1;10351
42;Millenium;Canada;2015;2;10564
42;Millenium;Canada;2016;1;10495
42;Millenium;Canada;2016;2;10620
42;Millenium;Canada;2016;3;10680
42;Millenium;Canada;2017;2;10943
42;Millenium;Canada;2017;3;10932
42;Millenium;Canada;2017;3;11016
42;Millenium;Canada;2017;3;11031
42;Millenium;Canada;2017;4;10836
42;Millenium;Canada;2017;4;10851
42;Millenium;Canada;2018;2;10810
43;For The Dark Night;USA;2015;4;10545
44;Warp AG;Germany;2015;1;10362
44;Warp AG;Germany;2015;2;10343
44;Warp AG;Germany;2015;3;10492
44;Warp AG;Germany;2015;3;10522
44;Warp AG;Germany;2016;1;10534
44;Warp AG;Germany;2016;2;10419
44;Warp AG;Germany;2016;2;10569
44;Warp AG;Germany;2016;3;10430
44;Warp AG;Germany;2016;3;10497
44;Warp AG;Germany;2016;3;10731
44;Warp AG;Germany;2016;4;10279
44;Warp AG;Germany;2016;4;10284
44;Warp AG;Germany;2016;4;10464
44;Warp AG;Germany;2016;4;10631
44;Warp AG;Germany;2017;1;10575
44;Warp AG;Germany;2017;1;10592
44;Warp AG;Germany;2017;1;10593
44;Warp AG;Germany;2017;1;10772
44;Warp AG;Germany;2017;1;10781
44;Warp AG;Germany;2017;2;10862
44;Warp AG;Germany;2017;3;10536
44;Warp AG;Germany;2017;3;10992
44;Warp AG;Germany;2017;3;11070
44;Warp AG;Germany;2017;4;10891
44;Warp AG;Germany;2017;4;10908
44;Warp AG;Germany;2018;1;10557
44;Warp AG;Germany;2018;1;10934
44;Warp AG;Germany;2018;1;11017
45;Bobby Socks;USA;2016;3;10579
45;Bobby Socks;USA;2017;1;10719
46;Los Vatos Locos;Venezuela;2014;3;10357
46;Los Vatos Locos;Venezuela;2014;4;10296
46;Los Vatos Locos;Venezuela;2015;1;10381
46;Los Vatos Locos;Venezuela;2015;3;10499
46;Los Vatos Locos;Venezuela;2015;3;10543
46;Los Vatos Locos;Venezuela;2016;1;10461
46;Los Vatos Locos;Venezuela;2017;1;10330
46;Los Vatos Locos;Venezuela;2017;1;10780
46;Los Vatos Locos;Venezuela;2017;2;10823
46;Los Vatos Locos;Venezuela;2017;4;10283
46;Los Vatos Locos;Venezuela;2017;4;10899
46;Los Vatos Locos;Venezuela;2018;1;10997
46;Los Vatos Locos;Venezuela;2018;1;11065
46;Los Vatos Locos;Venezuela;2018;1;11071
47;El Pirata;Venezuela;2015;2;10405
47;El Pirata;Venezuela;2016;1;10485
47;El Pirata;Venezuela;2016;3;10697
47;El Pirata;Venezuela;2016;3;10729
47;El Pirata;Venezuela;2016;4;10638
47;El Pirata;Venezuela;2017;2;10919
47;El Pirata;Venezuela;2017;3;10838
47;El Pirata;Venezuela;2017;3;10840
47;El Pirata;Venezuela;2017;3;10954
47;El Pirata;Venezuela;2017;3;11014
47;El Pirata;Venezuela;2017;3;11039
47;El Pirata;Venezuela;2017;4;10811
48;Too Hot 4U;USA;2015;3;10317
48;Too Hot 4U;USA;2015;4;10307
48;Too Hot 4U;USA;2015;4;10544
48;Too Hot 4U;USA;2016;4;10662
48;Too Hot 4U;USA;2016;4;10665
48;Too Hot 4U;USA;2017;4;10867
48;Too Hot 4U;USA;2017;4;11018
49;La Moda d'il Futuri;Italy;2014;4;10300
49;La Moda d'il Futuri;Italy;2015;2;10467
49;La Moda d'il Futuri;Italy;2015;3;10404
49;La Moda d'il Futuri;Italy;2016;3;10635
49;La Moda d'il Futuri;Italy;2016;4;10784
49;La Moda d'il Futuri;Italy;2017;1;10754
49;La Moda d'il Futuri;Italy;2017;2;10939
49;La Moda d'il Futuri;Italy;2017;4;10818
49;La Moda d'il Futuri;Italy;2018;1;10950
50;De la Vita;Belgium;2016;4;10649
50;De la Vita;Belgium;2016;4;10760
50;De la Vita;Belgium;2017;2;10896
50;De la Vita;Belgium;2018;1;10529
51;Davenport Fashion;Canada;2015;1;10339
51;Davenport Fashion;Canada;2015;3;10439
51;Davenport Fashion;Canada;2015;3;10505
51;Davenport Fashion;Canada;2016;1;10565
51;Davenport Fashion;Canada;2016;3;10424
51;Davenport Fashion;Canada;2016;3;10570
51;Davenport Fashion;Canada;2016;4;10376
51;Davenport Fashion;Canada;2016;4;10590
51;Davenport Fashion;Canada;2016;4;10605
51;Davenport Fashion;Canada;2016;4;10618
51;Davenport Fashion;Canada;2016;4;10619
51;Davenport Fashion;Canada;2017;1;10724
51;Davenport Fashion;Canada;2018;1;10332
52;Kohl Industries AG;Germany;2017;1;10699
53;Fawtly Towers;UK;2016;3;10752
53;Fawtly Towers;UK;2017;3;11057
54;Los Espandrilos Fantasticos;Argentina;2015;3;10409
54;Los Espandrilos Fantasticos;Argentina;2017;2;10898
54;Los Espandrilos Fantasticos;Argentina;2017;3;10958
54;Los Espandrilos Fantasticos;Argentina;2017;3;10986
54;Los Espandrilos Fantasticos;Argentina;2017;4;10531
55;SSS-Sport Shoes Store;USA;2017;3;11079
56;Casual Clothing;Germany;2015;2;10407
56;Casual Clothing;Germany;2015;3;10508
56;Casual Clothing;Germany;2016;3;10580
56;Casual Clothing;Germany;2016;4;10684
56;Casual Clothing;Germany;2016;4;10766
56;Casual Clothing;Germany;2017;1;10260
56;Casual Clothing;Germany;2017;2;11020
56;Casual Clothing;Germany;2017;3;10554
56;Casual Clothing;Germany;2017;3;10833
56;Casual Clothing;Germany;2018;1;10999
58;La Moda Pasada;Mexico;2015;3;10502
58;La Moda Pasada;Mexico;2016;3;10474
58;La Moda Pasada;Mexico;2017;3;10354
58;La Moda Pasada;Mexico;2017;3;10995
58;La Moda Pasada;Mexico;2017;3;11073
58;La Moda Pasada;Mexico;2018;1;10322
59;Extrawagens;Austria;2015;4;10427
59;Extrawagens;Austria;2015;4;10525
59;Extrawagens;Austria;2016;1;10392
59;Extrawagens;Austria;2016;1;10530
59;Extrawagens;Austria;2016;2;10597
59;Extrawagens;Austria;2016;3;10489
59;Extrawagens;Austria;2016;3;10648
59;Extrawagens;Austria;2016;3;10747
59;Extrawagens;Austria;2016;3;10768
59;Extrawagens;Austria;2016;3;10773
59;Extrawagens;Austria;2017;1;10600
59;Extrawagens;Austria;2017;1;10686
59;Extrawagens;Austria;2017;1;10755
59;Extrawagens;Austria;2017;2;10828
59;Extrawagens;Austria;2017;3;10484
59;Extrawagens;Austria;2017;3;10844
59;Extrawagens;Austria;2017;3;10882
59;Extrawagens;Austria;2017;3;11042
59;Extrawagens;Austria;2017;3;11053
59;Extrawagens;Austria;2017;3;11062
59;Extrawagens;Austria;2018;1;10353
60;La Roba do Santho;Portugal;2015;3;10433
60;La Roba do Santho;Portugal;2017;1;10336
60;La Roba do Santho;Portugal;2017;3;10477
60;La Roba do Santho;Portugal;2017;4;10397
60;La Roba do Santho;Portugal;2018;1;11007
61;Copacabana;Brazil;2014;4;10291
61;Copacabana;Brazil;2015;1;10379
61;Copacabana;Brazil;2015;2;10421
61;Copacabana;Brazil;2016;4;10587
61;Copacabana;Brazil;2016;4;10647
61;Copacabana;Brazil;2017;3;10989
61;Copacabana;Brazil;2017;4;10261
62;Roba di Piel;Brazil;2015;3;10487
62;Roba di Piel;Brazil;2016;3;10406
62;Roba di Piel;Brazil;2016;3;10659
62;Roba di Piel;Brazil;2016;4;10637
62;Roba di Piel;Brazil;2017;1;10704
62;Roba di Piel;Brazil;2017;1;10728
62;Roba di Piel;Brazil;2017;1;10786
62;Roba di Piel;Brazil;2017;2;10868
62;Roba di Piel;Brazil;2017;2;10913
62;Roba di Piel;Brazil;2017;2;10961
62;Roba di Piel;Brazil;2017;3;11068
62;Roba di Piel;Brazil;2017;4;10372
62;Roba di Piel;Brazil;2017;4;10914
63;Grunewald;Germany;2014;3;10286
63;Grunewald;Germany;2015;2;10479
63;Grunewald;Germany;2015;3;10515
63;Grunewald;Germany;2015;3;10540
63;Grunewald;Germany;2015;4;10285
63;Grunewald;Germany;2015;4;10539
63;Grunewald;Germany;2016;1;10451
63;Grunewald;Germany;2016;2;10418
63;Grunewald;Germany;2016;3;10745
63;Grunewald;Germany;2016;3;10795
63;Grunewald;Germany;2016;4;10313
63;Grunewald;Germany;2016;4;10588
63;Grunewald;Germany;2016;4;10674
63;Grunewald;Germany;2016;4;10691
63;Grunewald;Germany;2017;1;10273
63;Grunewald;Germany;2017;1;10658
63;Grunewald;Germany;2017;1;10694
63;Grunewald;Germany;2017;1;10721
63;Grunewald;Germany;2017;1;10765
63;Grunewald;Germany;2017;1;10788
63;Grunewald;Germany;2017;3;10549
63;Grunewald;Germany;2017;3;10871
63;Grunewald;Germany;2017;3;10991
63;Grunewald;Germany;2017;3;10996
63;Grunewald;Germany;2017;3;11021
63;Grunewald;Germany;2017;4;10263
63;Grunewald;Germany;2017;4;10527
63;Grunewald;Germany;2017;4;10845
63;Grunewald;Germany;2017;4;10865
63;Grunewald;Germany;2017;4;10878
63;Grunewald;Germany;2017;4;10883
63;Grunewald;Germany;2017;4;10920
63;Grunewald;Germany;2017;4;10938
63;Grunewald;Germany;2017;4;10962
63;Grunewald;Germany;2018;1;10345
63;Grunewald;Germany;2018;1;10361
64;Ropa total;Argentina;2016;3;10716
64;Ropa total;Argentina;2017;3;11019
65;X-Site;USA;2014;3;10262
65;X-Site;USA;2015;3;10272
65;X-Site;USA;2017;4;10820
66;Sport Shop;Italy;2016;4;10288
66;Sport Shop;Italy;2017;2;10428
66;Sport Shop;Italy;2017;3;10942
66;Sport Shop;Italy;2017;3;11010
67;Da Bikini Expertu;Brazil;2014;3;10287
67;Da Bikini Expertu;Brazil;2015;4;10481
67;Da Bikini Expertu;Brazil;2016;4;10299
67;Da Bikini Expertu;Brazil;2017;4;10877
68;Golden Design Group;Switzerland;2015;3;10537
68;Golden Design Group;Switzerland;2016;4;10666
68;Golden Design Group;Switzerland;2017;2;10931
68;Golden Design Group;Switzerland;2017;3;10255
68;Golden Design Group;Switzerland;2018;1;11075
69;La Moda Alucinante;Spain;2016;4;10281
69;La Moda Alucinante;Spain;2016;4;10282
69;La Moda Alucinante;Spain;2017;2;10917
69;La Moda Alucinante;Spain;2017;3;11013
69;La Moda Alucinante;Spain;2018;1;10306
70;Alles Lusekofter;Norway;2016;4;10639
71;Sunny Ski Store;USA;2015;3;10452
71;Sunny Ski Store;USA;2016;1;10398
72;Fast Sunglasses;UK;2016;3;10359
73; Vite;Denmark;2015;1;10368
73; Vite;Denmark;2015;2;10443
73; Vite;Denmark;2015;3;10556
73; Vite;Denmark;2015;4;10393
73; Vite;Denmark;2016;3;10314
73; Vite;Denmark;2016;4;10275
73; Vite;Denmark;2016;4;10582
73; Vite;Denmark;2016;4;10642
73; Vite;Denmark;2016;4;10669
73; Vite;Denmark;2017;1;10775
73; Vite;Denmark;2017;1;10787
73; Vite;Denmark;2017;2;10387
73; Vite;Denmark;2017;2;10417
73; Vite;Denmark;2017;2;10841
73; Vite;Denmark;2017;2;10892
73; Vite;Denmark;2017;2;10900
73; Vite;Denmark;2017;2;10951
73; Vite;Denmark;2017;3;11023
73; Vite;Denmark;2017;3;11074
73; Vite;Denmark;2017;4;10889
73; Vite;Denmark;2017;4;10940
73; Vite;Denmark;2018;1;10318
73; Vite;Denmark;2018;1;10341
73; Vite;Denmark;2018;1;10802
73; Vite;Denmark;2018;1;10978
73; Vite;Denmark;2018;1;11004
73; Vite;Denmark;2018;1;11077
73; Vite;Denmark;2018;2;10803
74;Chateau de Ville;France;2016;3;10738
74;Chateau de Ville;France;2017;2;10907
74;Chateau de Ville;France;2018;1;10964
75;Macalena;USA;2015;1;10329
75;Macalena;USA;2015;1;10369
75;Macalena;USA;2017;2;10974
75;Macalena;USA;2017;3;10385
75;Macalena;USA;2017;3;10821
76;Belgium Black Jeans;Belgium;2017;1;10767
76;Belgium Black Jeans;Belgium;2017;2;10846
76;Belgium Black Jeans;Belgium;2017;3;10252
76;Belgium Black Jeans;Belgium;2017;4;10885
76;Belgium Black Jeans;Belgium;2018;1;11035
77;Eye Fashion;USA;2017;3;11080
78;TTT-The Ticky Tie;USA;2018;1;11081
79;Boombastic;Germany;2015;2;10448
79;Boombastic;Germany;2015;3;10453
79;Boombastic;Germany;2016;1;10561
79;Boombastic;Germany;2016;2;10437
79;Boombastic;Germany;2016;3;10399
79;Boombastic;Germany;2016;4;10249
79;Boombastic;Germany;2016;4;10595
79;Boombastic;Germany;2016;4;10608
79;Boombastic;Germany;2016;4;10636
79;Boombastic;Germany;2017;1;10438
79;Boombastic;Germany;2017;1;10615
79;Boombastic;Germany;2017;1;10664
79;Boombastic;Germany;2017;1;10708
79;Boombastic;Germany;2017;1;10744
79;Boombastic;Germany;2017;2;10367
79;Boombastic;Germany;2017;2;10879
79;Boombastic;Germany;2017;2;10944
79;Boombastic;Germany;2017;3;10548
79;Boombastic;Germany;2017;3;11029
79;Boombastic;Germany;2017;4;10295
79;Boombastic;Germany;2017;4;10965
79;Boombastic;Germany;2017;4;10967
79;Boombastic;Germany;2018;2;10809
80;Don Balón;Mexico;2015;1;10276
80;Don Balón;Mexico;2015;3;10455
80;Don Balón;Mexico;2015;4;10518
80;Don Balón;Mexico;2016;2;10319
80;Don Balón;Mexico;2016;3;10304
80;Don Balón;Mexico;2016;3;10576
80;Don Balón;Mexico;2016;3;10730
80;Don Balón;Mexico;2016;4;10622
80;Don Balón;Mexico;2017;1;10594
80;Don Balón;Mexico;2017;1;10676
80;Don Balón;Mexico;2017;1;10698
80;Don Balón;Mexico;2017;1;10707
80;Don Balón;Mexico;2017;1;10727
80;Don Balón;Mexico;2017;1;10762
80;Don Balón;Mexico;2017;2;10915
80;Don Balón;Mexico;2017;3;10847
80;Don Balón;Mexico;2017;3;10982
80;Don Balón;Mexico;2017;3;10993
80;Don Balón;Mexico;2017;3;11041
80;Don Balón;Mexico;2017;3;11069
80;Don Balón;Mexico;2017;4;10293
80;Don Balón;Mexico;2017;4;10305
80;Don Balón;Mexico;2017;4;10842
81;Merced do Vaile;Brazil;2016;3;10496
81;Merced do Vaile;Brazil;2016;4;10292
81;Merced do Vaile;Brazil;2017;1;10606
81;Merced do Vaile;Brazil;2017;3;10830
81;Merced do Vaile;Brazil;2017;3;10839
81;Merced do Vaile;Brazil;2017;4;10834
82;Bond Ltd;USA;2015;2;10446
82;Bond Ltd;USA;2015;3;10493
82;Bond Ltd;USA;2015;4;10511
82;Bond Ltd;USA;2015;4;10514
82;Bond Ltd;USA;2016;1;10401
82;Bond Ltd;USA;2016;3;10577
82;Bond Ltd;USA;2016;3;10779
82;Bond Ltd;USA;2016;4;10602
82;Bond Ltd;USA;2017;1;10574
82;Bond Ltd;USA;2017;1;10586
82;Bond Ltd;USA;2017;1;10746
82;Bond Ltd;USA;2017;3;10358
82;Bond Ltd;USA;2017;3;10383
82;Bond Ltd;USA;2017;3;10935
82;Bond Ltd;USA;2017;3;10977
82;Bond Ltd;USA;2017;3;11033
82;Bond Ltd;USA;2017;4;10822
82;Bond Ltd;USA;2017;4;10918
82;Bond Ltd;USA;2018;1;10930
84;Art et Fashion;France;2015;3;10546
84;Art et Fashion;France;2016;1;10450
84;Art et Fashion;France;2016;1;10478
84;Art et Fashion;France;2016;3;10459
84;Art et Fashion;France;2016;4;10334
84;Art et Fashion;France;2017;2;10814
84;Art et Fashion;France;2017;2;10843
84;Art et Fashion;France;2017;2;10850
84;Art et Fashion;France;2018;2;10806
85;Pour l´homme;France;2017;4;10274
86;Autokleider;Germany;2016;2;10356
86;Autokleider;Germany;2016;2;10668
86;Autokleider;Germany;2016;4;10632
86;Autokleider;Germany;2016;4;10640
86;Autokleider;Germany;2017;3;10348
87;Perkii Urkii;Finland;2015;3;10412
87;Perkii Urkii;Finland;2016;4;10583
87;Perkii Urkii;Finland;2017;1;10320
87;Perkii Urkii;Finland;2017;3;10333
87;Perkii Urkii;Finland;2017;3;11025
87;Perkii Urkii;Finland;2017;4;10266
87;Perkii Urkii;Finland;2017;4;10270
88;Da Santho Cosmethia;Brazil;2017;2;10874
89;Nirvana Stores;USA;2015;1;10344
89;Nirvana Stores;USA;2015;2;10469
89;Nirvana Stores;USA;2015;3;10269
89;Nirvana Stores;USA;2015;3;10504
89;Nirvana Stores;USA;2016;3;10483
89;Nirvana Stores;USA;2016;3;10740
89;Nirvana Stores;USA;2016;4;10596
89;Nirvana Stores;USA;2017;1;10693
89;Nirvana Stores;USA;2017;1;10696
89;Nirvana Stores;USA;2017;1;10723
89;Nirvana Stores;USA;2017;2;10904
89;Nirvana Stores;USA;2017;3;10861
89;Nirvana Stores;USA;2017;3;11032
89;Nirvana Stores;USA;2017;3;11066
90;Leningrad Cowboys Shop;Finland;2017;4;10910
91;Slotzy Danz;Poland;2014;3;10374
91;Slotzy Danz;Poland;2016;4;10611
91;Slotzy Danz;Poland;2016;4;10792
91;Slotzy Danz;Poland;2017;3;10870
91;Slotzy Danz;Poland;2017;3;10998
91;Slotzy Danz;Poland;2017;3;11044
91;Slotzy Danz;Poland;2017;4;10906
127;Stephanies;Sweden;2016;3;10688
127;Stephanies;Sweden;2017;1;10591
127;Stephanies;Sweden;2017;3;10921
